{
    "keep": {
        "days": false,
        "amount": 7
    },
    "auditLog": "C:\\Users\\ranch\\.shadow\\.launcher-rotate.json",
    "files": [
        {
            "date": 1589795540230,
            "name": "C:\\Users\\ranch\\.shadow\\shadow-launcher-2020-05-18-00.log",
            "hash": "a2742e31f5d93c8b448057c7fefab789"
        },
        {
            "date": 1590612009224,
            "name": "C:\\Users\\ranch\\.shadow\\shadow-launcher-2020-05-27-00.log",
            "hash": "cf21a4cf62718ea91d50b089080aba7c"
        },
        {
            "date": 1590656184339,
            "name": "C:\\Users\\ranch\\.shadow\\shadow-launcher-2020-05-28-00.log",
            "hash": "ebccdfaa36c665b4a12de3828298b622"
        },
        {
            "date": 1591000281777,
            "name": "C:\\Users\\ranch\\.shadow\\shadow-launcher-2020-06-01-00.log",
            "hash": "df8d72e800a260b43492f4439a7af800"
        },
        {
            "date": 1591076016803,
            "name": "C:\\Users\\ranch\\.shadow\\shadow-launcher-2020-06-02-00.log",
            "hash": "448deedb9faac4556e43a198d7190dfe"
        },
        {
            "date": 1591162505088,
            "name": "C:\\Users\\ranch\\.shadow\\shadow-launcher-2020-06-03-00.log",
            "hash": "1e68063e453b8f5c0cbef7981597108a"
        },
        {
            "date": 1591221820121,
            "name": "C:\\Users\\ranch\\.shadow\\shadow-launcher-2020-06-04-00.log",
            "hash": "f8fbd9e740d30071a6c8bc9e99cbf7e9"
        }
    ]
}